document,id
"<p>The family of Barack Obama, the 44th President of the United States, and his wife Michelle Obama is made up of people of Kenyan (Luo), African-American, and Old Stock American (including originally English, Scottish, Welsh, Irish, French, German, and Swiss) ancestry.</p><p>Born circa 1829 in Moneygall, Ireland, he emigrated to Ohio via New York in 1850, making him the most recent immigrant on the maternal side of Barack Obama's family tree. </p>",0
"<p>With roots in Kansas, Kenya and beyond, the President is a one-man melting pot. </p>",1
"<p>Home to two AAA Four-Diamond nationally historic hotels, three challenging golf courses, two rejuvenating spas, impressive meeting venues and a Vegas-style casino (rated No. 4 Best Casino outside of Las Vegas by Yahoo Travel, 2016), the resort is sure to exceed your expectations.</p><p>Voted Best Hotel in Indiana by Travel & Leisure Magazine, French Lick Resort is family-friendly, business-competent and perfect for a planned or impromptu getaway. </p>",2
"<p>French Lick Resort is a resort complex in the central United States, located in the towns of West Baden and French Lick, Indiana. The 3,000-acre (12 km2) complex includes two historic resort spa hotels, stables, a casino, and three golf courses that are all part of a $500 million restoration and development project. </p>",3
"<p>The meals, the kids, the housework, the job…the only way to stay sane is to get organized. Fat chance, you say? Remember, the goal of organizing isn't to make your house pristine; it's to make your life more functional. </p>",4
"<p>How to Be Organized. No one likes being disorganized. Organization takes time, but when you get the hang of it, life becomes much easier. To be truly organized, you need to organize your space and organize your time, making sure you keep track of all your appointments and commitments. </p>",5
"<p>A toilet is a sanitation fixture used for the storing or disposal of human urine and feces. In developed countries, different forms of porcelain flush toilets are common: seats are usually used in the West while squat toilets are common in East Asia. </p>",6
"<p>RV Toilets. Select from the most attractive & complete line-up in the industry. You’ll have a toilet that will provide years of trouble-free use.View Products </p>",7
"<p>Mitchell College is a private liberal arts college on the Thames River, in New London, Connecticut, in the United States. In 2015 it had 778 students and faculty of 68; admission rate was 70%. </p>",8
"<p>​Thames Academy can prepare your son or daughter to succeed – academically, socially and emotionally – in college. Get started today by applying for admission. </p>",9
"<p>Knowledge Centered Service (KCS) is a service delivery methodology that focuses on knowledge as a key asset of the organization implementing it. </p>",10
"<p>The KCS® initiative consists of two components: a tactical discussion on KCS adoption and success, and a strategic discussion about the evolution of KCS and what is next. </p>",11
"<p>Air travel is a form of travel in vehicles such as helicopters, hot air balloons, blimps, gliders, hang gliding, parachuting, airplanes, jets, or anything else that can sustain flight. </p>",12
"<p>Always use the information exactly as it appears on your passport (to book and fill out any documents).</p><p>Passport cards will not be accepted as form of I.D. for international air travel. </p>",13
"<p>When you're buying a home using a mortgage, refinancing your existing mortgage, or selling your home to anyone other than an all-cash buyer, the home appraisal is a key component of the transaction.</p><p>Appraisals are almost always used in purchase and sale transactions and commonly used in refinance transactions. In a purchase and sale transaction, an appraisal is used to determine whether the home's contract price is appropriate given the home's condition, location, and features. In a refinance, it assures the lender that it isn't handing the borrower more money than the home is worth.  </p>",14
"<p>Are you interested in learning about the history and value of your property or how to sell at auction? Skinner offers a complete range of appraisal and auction services designed to assist you in making decisions to fit your needs. </p>",15
"<p>Don't waste time digging through salvage yards. Use our state-of-the-art used auto parts system, updated daily, to find used car parts near you. Get started today! </p>",16
"<p>NationWide Used Auto Parts is a family run business with over three decades of experience in the automotive recycling industry. With hundreds of late model foreign and domestic cars on premise, we are confident we can help you with all of your used auto part needs. </p>",17
"<p>RCN DC Metro offers award winning high speed Internet service with our fastest speeds up to 1000 Mbps! You can surf, game, stream, and connect wirelessly to multiple devices through RCN’s powerful fiber-optic network. </p>",18
"<p>Internet access has become such an important fixture in our lives that, in most American households, it’s considered a required monthly utility, along the lines of the electric or phone bill. </p>",19
"<p>Plan your GMAT test prep around your schedule with live online GMAT prep courses, private tutoring, and other Kaplan options designed to help you get the most out of your prep. </p>",20
"<p>It may not be necessary to take a course in preparation for the GMAT. If you are very organized and approach preparing for the GMAT as carefully as you do for your applications, you are in a position to study on your own. </p>",21
"<p>A disc jockey is a person who mixes different sources of pre-existing recorded music as it is playing, usually for a live audience in a nightclub or dance club or via broadcasting.</p><p>DJs use equipment that can play at least two sources of recorded music simultaneously and mix them together. This allows the DJ to create seamless transitions between recordings and develop unique mixes of songs. </p>",22
"<p>Get creative with the state of the art professional DJ technology. DJ Player Pro goes beyond the laptop DJ with superior audio quality, innovative control and style. </p>",23
"<p>Google Maps is a web mapping service developed by Google. It offers satellite imagery, street maps, 360° panoramic views of streets (Street View), real-time traffic conditions (Google Traffic), and route planning for traveling by foot, car, bicycle (in beta), or public transportation. </p>",24
"<p>A map is a symbolic depiction emphasizing relationships between elements of some space, such as objects, regions, or themes. Many maps are static, fixed to paper or some other durable medium, while others are dynamic or interactive. </p>",25
"<p>Dinosaurs are a diverse group of reptiles of the clade Dinosauria that first appeared during the Triassic period. Although the exact origin and timing of the evolution of dinosaurs is the subject of active research, the current scientific consensus places their origin between 231 and 243 million years ago. </p>",26
"<p>Dinosaurs is an American family sitcom comedy television series that was originally broadcast on ABC from April 26, 1991 to July 20, 1994. The show, about a family of anthropomorphic dinosaurs (portrayed by puppets), was produced by Michael Jacobs Productions and Jim Henson Productions in association with Walt Disney Television and distributed by Buena Vista International, Inc.. </p>",27
"<p>Visit ESPN to get up-to-the-minute sports news coverage, scores, highlights and commentary for NFL, MLB, NBA, College Football, NCAA Basketball and more.</p><p>ESPN First Take is the hottest sports debate show on television.</p><p>SportsCenter with Scott Van Pelt showcases SVP’s unique view of the sports world. </p>",28
"<p>The ESPN App is the #1 Sports App in the market. The app gives you up-to-the-minute scores and the latest news, live video and audio streaming across ESPN’s networks, and loads of video highlights. </p>",29
"<p>Welcome to the Arizona Game & Fish Department's Hunt Draw Application System. The application period for the 2017 Fall Draw is now closed. If you would like more information on the draw, please visit www.azgfd.gov/draw  </p>",30
"<p>The Arizona Game and Fish Department is a state agency of Arizona, headquartered in Phoenix. The agency is tasked with conserving, enhancing, and restoring Arizona's diverse wildlife resources and habitats through aggressive protection and management programs. </p>",31
"<p>Major poker tournaments such as the World Poker Tour and World Series of Poker, use standings to determine a player of the year. </p>",32
"<p>Every poker tournament series, event and festival in the US and Canada is here on PokerAtlas, including the World Series of Poker (WSOP), World Poker Tour (WPT), Heartland Poker Tour (HPT), and all others. </p>",33
"<p>The Knot Wedding Budget Calculator, which automatically tells you how much you should be spending on everything from music to mother-in-law gifts, and allows you to track all your payments and their due dates. </p>",34
"<p>This free online Wedding Budget Calculator will help you when budgeting for a wedding by allowing you to create your own self-calculating worksheet -- either from scratch or from a sample wedding budget. </p>",35
"<p>The Current, a non-commercial radio station in Minnesota, plays the best new music next to the music you already love, from local to legendary. </p>",36
"<p>The Current debuted in February 2012 as a way to keep local residents updated on topics and trends that are significant and unique to life in the greater Spokane Valley. </p>",37
"<p>The Land Rover Defender (initially called the Land Rover Ninety and Land Rover One Ten) is a British four-wheel-drive off-road SUV developed from the original Land Rover Series launched in June 1948. In October 2013 Land Rover announced that production would end in December 2015 after a continuous run of 67 years. </p>",38
"<p>'The Defenders is a set of fictional superhero groups with fluctuating membership appearing in American comic books published by Marvel Comics. They are usually presented as a ''non-team'' of individualistic ''outsiders'' who, in their prior adventures, are known for following their own agendas.' </p>",39
"<p>We’re extremely proud that our S90 was one of the three top contenders for the North American Car of the Year Award.</p><p>Combining innovative technology with refined Scandinavian design, the XC90 is the most awarded luxury SUV of the century. </p>",40
"<p>The Volvo Group (stylised as VOLVO) is a Swedish multinational manufacturing company headquartered in Gothenburg. While its core activity is the production, distribution and sale of trucks, buses and construction equipment, Volvo also supplies marine and industrial drive systems and financial services. </p>",41
"<p>Connect with Pastor Rick Warren</p><p>In this broadcast, Pastor Rick teaches about the kind of goals that God blesses and how your goals can bring glory to God. </p>",42
"<p>'Richard Duane ''Rick'' Warren (born January 28, 1954) is an American evangelical Christian pastor and author. He is the founder and senior pastor of Saddleback Church, an evangelical megachurch in Lake Forest, California, that is the eighth-largest church in the United States (including multi-site churches).' </p>",43
"<p>Yahoo!, Inc. operates as a digital media company that is focused on informing, connecting, and entertaining users through research, communications, and digital content products. </p>",44
"<p>Yahoo! is an American multinational technology company headquartered in Sunnyvale, California which is a wholly owned subsidiary of Verizon Communications </p>",45
"<p>Diversity are a British street dance troupe formed in 2007 and based in London. They are best known for winning the 3rd series of Britain's Got Talent in 2009, beating 'runner-up' singer Susan Boyle in the live final. </p>",46
"<p>At Apple, we take a holistic view of diversity that looks beyond the usual measurements. A view that includes the varied perspectives of our employees as well as app developers, suppliers, and anyone who aspires to a future in tech. </p>",47
"<p>The Greek mathematician Euclid lived and flourished in Alexandria in Egypt around 300 BCE, during the reign of Ptolemy I. Almost nothing is known of his life, and no likeness or first-hand description of his physical appearance has survived antiquity, and so depictions of him (with a long flowing beard and cloth cap) in works of art are necessarily the products of the artist's imagination. </p>",48
"<p>Euclid was a great Greek mathematician. Although little is known about his early and personal life, he went on to contribute greatly in the field of mathematics and came to known as the Father of Geometry, Euclid is known to have taught mathematics in Ancient Egypt during the reign of Ptolemy I. </p>",49
"<p>Practice deep breathing. Although it may seem difficult, lowering your breathing speed will help to lower your heart rate. Take a breath for 5-8 seconds, hold it for 3-5 seconds, and then exhale slowly for a count of 5-8 seconds. </p>",50
"<p>A rapid heart rate can cause lots of anxiety. Some causes are harmless, while others are potentially life-threatening, making it difficult to determine when to call 911, when to try to lower the heart rate at home and when to just wait it out. </p>",51
"<p>Starbucks Corporation is an American coffee company and coffeehouse chain. Starbucks was founded in Seattle, Washington in 1971. As of November 2016, it operates 23,768 locations worldwide, including 13,107 (+170) in the United States, 2,204 (+86) in China, 1,418 (-12) in Canada, 1,160 (+2) in Japan and 872 in South Korea (bumping United Kingdom from 5th place) (Differences reflect growth since Jan 8, 2016). </p>",52
"<p>The Starbucks® app is a convenient way to pay in store or skip the line and order ahead. Rewards are built right in, so you’ll collect Stars and start earning free drinks and food with every purchase. </p>",53
"<p>Pulled Through Time! After falling into an old well and into ancient Japan, Kagome discovers that her destiny is linked to the dog-like half demon called Inuyasha! </p>",54
"<p>Inuyasha 1: The Girl Who Overcame Time…and the Boy Who Was Just Overcome</p><p>Inuyasha 10: Phantom Showdown: The Thunder Brothers Vs. Tetsusaiga </p>",55
"<p>The Playstation 2 has been, and will always be, one of the greatest systems of all time. When it comes to games, it was better than both its predecessor and its successor in almost every single way. </p>",56
"<p>This is a list of games for the Sony PlayStation 2 video game system. Title names may be different for each region due to the first language spoken. </p>",57
"<p>Diabetes education is the cornerstone of diabetes management, because diabetes requires day-to-day knowledge of nutrition, exercise, monitoring, and medication, according to Patricia Bonsignore, M.S., R.N., C.D.E., Diabetes Educator at the Joslin Diabetes Center. </p>",58
"<p>About Diabetes Education. Diabetes is a complex disease that requires daily self-management - making healthy food choices, staying physically active, monitoring your blood sugar and taking medications as prescribed. </p>",59
"<p>Atari is a corporate and brand name owned by several entities since its inception in 1972, currently by Atari Interactive, a subsidiary of the French publisher Atari, SA (ASA). </p>",60
"<p>Atari, Inc. was an American video game developer and home computer company founded in 1972 by Nolan Bushnell and Ted Dabney. Primarily responsible for the formation of the video arcade and modern video game industries, the company was closed and its assets split in 1984 as a direct result of the North American video game crash of 1983. </p>",61
"<p>HUB offers a range of customizable web design packages for small to medium businesses. We offer a number of features to get your business website off the ground and meet your unique needs. </p>",62
"<p>The pixel meets the screen, and we get busy implementing your website design, blowing your expectations away, in a time frame that works for your business. </p>",63
"<p>An elliptical trainer or cross-trainer (also called an X-trainer) is a stationary exercise machine used to simulate stair climbing, walking, or running without causing excessive pressure to the joints, hence decreasing the risk of impact injuries. </p>",64
"<p>Out of all the cardio machines, the elliptical probably gets the most side-eye.</p><p>Before even stepping foot on the machine, set an intention for the workout. </p>",65
"<p>A mobile phone is a portable telephone that can make and receive calls over a radio frequency link while the user is moving within a telephone service area.</p><p>Cellphones have small speakers so that the user can use a speakerphone feature and talk to a person on the phone without holding it to their ear. </p>",66
"<p>Find the smartphone you've been shopping for at Cricket, where we have great sales and everyday prices on popular phones. So whether you're a fan of Samsung smartphones or iPhones, Android or Windows phones, chances are the device you've been looking for is right here. </p>",67
"<p>In recognition of Pride Month, Mayor Dawn Zimmer and the City of Hoboken are pleased to announce the addition of the Academy Award-winning film The Adventures of Priscilla, Queen of the Desert, to the 2017 Movies Under the Stars lineup. </p>",68
"<p>Living in #Hoboken I get that we have to deal with the helicopters but I really hate when they hover low for an extended period of time… </p>",69
"<p>The Global Positioning System (GPS), originally Navstar GPS, is a space-based radionavigation system owned by the United States government and operated by the United States Air Force. </p>",70
"<p>How to Use this Tutorial GPS is a complex technology but understanding it can be quite easy if you take it one step at a time. This tutorial is designed to give you a good basic understanding of the principles behind GPS without loading you down with too much technical detail. </p>",71
"<p>Pampered Chef, Ltd. is a multinational multi-level marketing company that offers a line of kitchen tools, food products, and cookbooks for preparing food in the home. </p>",72
"<p>We exist to help you enjoy the moments most important to you and yours by inspiring satisfying, stress-free meals fit for the way you live. We use the power of cooking to bring people together as the cornerstone of realizing each person’s full potential–in the home and in life. </p>",73
"<p>Dogs in our Adoption Center. Our dog and cat rooms are closed daily for naptime from 1-2pm, giving our animals a much-needed break. Our lobby remains open where you can speak with staff, enjoy refreshments, read or watch videos! </p>",74
"<p>BARC Animal Shelter and Adoptions. Adopt A Pet / Search Adoptable Pets. **Please note that all adoptions are completed on a first come, first served basis.** </p>",75
"<p>The Disneyland Hotel is a resort hotel located at the Disneyland Resort in Anaheim, California, owned by the Walt Disney Company and operated through its Parks and Resorts division. </p>",76
"<p>Disney Disney Disney... you need to understand that Disney gets an A++ is trying to go above and beyond to make your stay magical. </p>",77
"<p>With more than 18,000 unique page views each month, the Michigan Nonprofit Job Center is a leading resource for nonprofit job and internship opportunities in Michigan. </p>",78
"<p>Looking for a job? You’re looking in the right place. The Michigan Works! System is one of the state's most valuable and accessible resources for those seeking employment. </p>",79
"<p>Orange County Convention Center is the second largest meeting and convention facility in the country. Located just 15 minutes from the Orlando International Airport, the Convention Center is surrounded by more than 32,000+ hotel rooms that are directly accessible by International Drive's own transportation system, the I-RIDE Trolley Service. </p>",80
"<p>Starting in 2017, the NAVC will host our annual NAVC Conference at the Orange County Convention Center (OCCC) in Orlando, Florida. Mark your calendar for the first OCCC dates: February 4-8, 2017. </p>",81
"<p>The Music Man is a musical with book, music, and lyrics by Meredith Willson, based on a story by Willson and Franklin Lacey. The plot concerns con man Harold Hill, who poses as a boys' band organizer and leader and sells band instruments and uniforms to the naive Iowa townsfolk, promising to train the members of the new band. </p>",82
"<p>The Music Man is a 1962 American musical film starring Robert Preston as Harold Hill and Shirley Jones as Marian Paroo. The film is based on the 1957 Broadway musical of the same name by Meredith Willson. </p>",83
"<p>The Secret Garden is a children's novel by Frances Hodgson Burnett first published as a book in 1911, after a version was published as an American magazine serial beginning in 1910. </p>",84
"<p>The Secret Garden is a 1993 American-British drama fantasy film directed by Agnieszka Holland and starring Kate Maberly, Heydon Prowse, Andrew Knott, John Lynch and Maggie Smith. </p>",85
"<p>Map of the United States of America. Map showing the states, capitals and major cities of the United States.</p><p>Map of the USA mainland with states borders and capital cities. </p>",86
"<p>Here, we look at 22 maps that show us the similarities and differences between Americans. It's a big country and every state is unique. </p>",87
"<p>Solar panels absorb the sunlight as a source of energy to generate electricity or heat. A photovoltaic (PV) module is a packaged, connect assembly of typically 6x10 photovoltaic solar cells. </p>",88
"<p>Wholesale Solar offers all brands of solar panels at the best prices. Compare solar panels below by brand and price, or by wattage, amps, volts, power tolerances, and weight. </p>",89
"<p>The Alexians, Alexian Brothers or Cellites are a Catholic religious institute or congregation specifically devoted to caring for the sick which has its origin in Europe at the time of the Black Death.</p><p>In the early 20th century the Alexian Brothers had four hospitals in the United States. The first was built in Chicago in 1866; it was destroyed by the Great Fire, on 9 October 1871, and rebuilt the following year. </p>",90
"<p>After he was fatally shot, on the 22nd of July 1934, John Dillinger was rushed to the Alexian Brothers Hospital. Here, in a small room on Chicago's Northwest side, Dillinger was pronounced dead. </p>",91
"<p>An equity-indexed annuity is a hybrid between a fixed and variable annuity. It is a fixed annuity by legal statute, but it has offerings inside of it that allow the contract holder to invest in stock market indices such as the S&P 500, Dow Jones, and Nasdaq 100. </p>",92
"<p>An indexed annuity (the word equity previously tied to indexed annuities has been removed to help prevent the assumption of stock market vesting being present in these products) in the United States is a type of tax-deferred annuity whose credited interest is linked to an equity index — typically the S&P 500 or international index. </p>",93
"<p>Mount Wilson is one of the better-known peaks of the San Gabriel Mountains, located within the San Gabriel Mountains National Monument and Angeles National Forest in Los Angeles County, California.</p><p>The first television antenna on Mount Wilson was erected in 1947 for pioneer station KTLA channel 5. At about the same time, the first FM station broadcast from Mount Wilson, which was the old KFI-FM on 105.9 FM (signed off in 1950). </p>",94
"<p>Wilson Trucker Antennas offer the highest allowable gain for a vehicle cellular antenna. The Wilson Trucker has an omni-directional design for the professional drivers that demand top performance from their equipment. </p>",95
"<p>Searching for the perfect flame design items? Shop at Etsy to find unique and handmade flame design related items directly from our sellers. </p>",96
"<p>FlamingText is free online logo generator that anyone can use to create a great logo in minutes! Just select one of our logo designs, and get started now! </p>",97
"<p>Estrus, or heat, is the stage in a female dog's reproductive cycle during which she becomes receptive to mating with males. At this time, estrogen levels first increase and then sharply decrease, and mature eggs are released from the ovaries. Ideally, your dog should be spayed before she enters her first heat cycle. </p>",98
"<p>If you own an unspayed female, knowing the symptoms of a dog in heat can be very important to managing her reproductive cycle. Learning the stages of the cycle will allow you to recognize symptoms like personality changes, appetite changes, and more as symptoms of a dog in heat rather than something that requires a visit to the vet. </p>",99
"<p>A horse hoof is a structure surrounding the distal phalanx of the 3rd digit (digit III of the basic pentadactyl limb of vertebrates, evolved into a single weight-bearing digit in equids) of each of the four limbs of Equus species, which is covered by complex soft tissue and keratinised (cornified) structures. </p>",100
"<p>“No hoof, no horse.” It’s such a simple statement, but it holds so much truth. Your horse’s hooves provide the foundation for everything you two do together, so it’s important to know the horse hoof care that will keep them healthy and sound. </p>",101
"<p>Alien vs. Predator (also known as Aliens vs. Predator, abbreviated AvP or AVP) is a science fiction horror franchise spanning several media. The series is a crossover between the Alien and Predator franchises.  </p>",102
"<p>Alien vs. Predator (also abbreviated as AVP) is a 2004 science fiction action horror film written and directed by Paul W. S. Anderson and starring Sanaa Lathan, Lance Henriksen and Raoul Bova. </p>",103
"<p>Discovery Communications has said it will close all its mall-based and stand-alone Discovery Channel Stores and focus on its e-commerce platform and building partnerships with large retailers for its consumer products. </p>",104
"<p>The Discovery Channel Store, Inc. provides various types of gadgets, home accessories, educational toys and games, and jewelry. It also offers CDs that contain videos taken from the Discovery Channel. </p>",105
"<p>Since the amendment's adoption, five presidents have served two full terms: Dwight D. Eisenhower, Ronald Reagan, Bill Clinton, George W. Bush and Barack Obama. Jimmy Carter and George H. W. Bush sought a second term, but were defeated. Richard Nixon was elected to a second term, but resigned before completing it. </p>",106
"<p>The first, George Washington, won a unanimous vote of the Electoral College. Grover Cleveland served two non-consecutive terms in office, and is counted as the nation's 22nd and 24th president. Thus the incumbent, Donald Trump, is the nation's 45th president. There are currently five living former presidents. </p>",107
"<p>Iron is a chemical element with symbol Fe (from Latin: ferrum) and atomic number 26. It is a metal in the first transition series. It is by mass the most common element on Earth, forming much of Earth's outer and inner core. </p>",108
"<p>Iron is a mineral that our bodies need for many functions. For example, iron is part of hemoglobin, a protein which carries oxygen from our lungs throughout our bodies. </p>",109
"<p>The USS YORKTOWN (CV-10) was the tenth aircraft carrier to serve in the United States Navy.</p><p>In 1975, this historic ship was towed from Bayonne, NJ to Charleston to become the centerpiece of Patriots Point Naval & Maritime Museum. </p>",110
"<p>The impressive USS Yorktown CV-10 aircraft carrier is one of the many sights to see at Patriot’s Point museum in Mount Pleasant, South Carolina. 900 feet in length and weighing more than 27,000 tons, this carrier was nicknamed the “Fighting Lady” by its crew of 2,500 sailors during World War II. </p>",111
"<p>Welcome to CTjobs.com Work Closer. Work Happier. Proud to be Connecticut's Leading Resource for Jobseekers and Employers for over 10 Years.  </p>",112
"<p>Detailed information is available for residents seeking state jobs that require exams. The list includes the job title, agency name, class code, exam date and specifies who is eligible to take the exam. </p>",113
"<p>Penguins (order Sphenisciformes, family Spheniscidae) are a group of aquatic, flightless birds. They live almost exclusively in the Southern Hemisphere, with only one species, the Galapagos penguin, found north of the equator. </p>",114
"<p>It takes blood, sweat and tears for a hockey team to win the Stanley Cup. For the Penguins, the blood and sweat were spilled into rinks ... </p>",115
"<p>10 Things You Must Know About Installing a Fence Installing a fence is as easy as 1-2-3 if you take these tips into consideration. How to Build a Wooden Gate 8 Steps </p>",116
"<p>There are many reasons for building a fence. Security, noise reduction and boundary definition are practical reasons. A well-designed and installed fence is also a stylish addition to your landscape. </p>",117
"<p>Bellevue is a Canadian television crime drama series, it premiered on CBC Television on February 20, 2017. Created by Jane Maggs and Adrienne Mitchell, the series stars Anna Paquin as Annie Ryder, a police officer investigating the disappearance of a transgender teen while also dealing with the return of a mysterious person from her past. </p>",118
"<p>Bellevue Palace (German: Schloss Bellevue), located in Berlin's Tiergarten district, has been the official residence of the President of Germany since 1994. </p>",119
"<p>Worms /ˈwɜːrm/ are many different distantly related animals that typically have a long cylindrical tube-like body and no limbs. Worms vary in size from microscopic to over 1 metre (3.3 ft) in length for marine polychaete worms (bristle worms), 6.7 metres (22 ft) for the African giant earthworm, Microchaetus, and 58 metres (190 ft) for the marine nemertean worm (bootlace worm), Lineus longissimus. </p>",120
"<p>If you don’t want any spoilers at all, click here to start! Worm finished in November of 2013. A polished version is in the works for print/ebook release. Readers may also enjoy Wildbow’s other stories Pact (complete) and Twig (in progress). </p>",121
"<p>Rio Grande Valley Sector Texas. I would like to take this opportunity to welcome you to the Rio Grande Valley Border Patrol Sector webpage. </p>",122
"<p>Welcome to the Laredo Sector of the United States Border Patrol.</p><p>The Laredo Sector covers 110,000 square miles in 116 counties, all the way to the Texas, Oklahoma, and Arkansas borders. </p>",123
"<p>Flushing is a neighborhood in the New York City borough of Queens in the United States. While much of the neighborhood is residential, Downtown Flushing, centered on the northern end of Main Street in Queens, is a large commercial and retail area and is the fourth largest central business district in New York City. </p>",124
"<p>Flushing is generally distinguished, despite a close physiological relation between them, from blushing, which is milder, generally restricted to the face, cheeks or ears, and generally assumed to reflect emotional stress, such as embarrassment, anger, or romantic stimulation. </p>",125
"<p>Moths comprise a group of insects related to butterflies, belonging to the order Lepidoptera. Most lepidopterans are moths; and there are thought to be approximately 160,000 species of moth, many of which are yet to be described. </p>",126
"<p>Clothes moths are well-known as pests of stored woolens, but they will eat a wide range of other fibers including hair, fur, silk, felt and feathers. Serious infestations of clothes moths can develop undetected in a home, causing significant damage to clothing, bedding, floor coverings and other articles. </p>",127
"<p>The Korean language (한국어/조선말, see below) is the official and national language of both Koreas: the Democratic People's Republic of Korea and the Republic of Korea, with different standardized official forms used in each territory. </p>",128
"<p>The first step in learning the Korean language is becoming familiar with the Korean alphabet, as it’s likely considerably different from the other languages you’re familiar with. </p>",129
"<p>If your income is above Rs 5 lakh, you have to file income tax return online. The last date of filing income tax return is generally July 31 of every year. </p>",130
"<p>Make a personal income tax return payment online. If you would like to make an income tax return payment, you can make your payment directly on our website. </p>",131
"<p>The main purpose of VLDL is to distribute the triglyceride produced by your liver. A high VLDL cholesterol level can cause the buildup of cholesterol in your arteries and increases your risk of heart disease and stroke. </p>",132
"<p>Very-low-density lipoprotein (VLDL), density relative to extracellular water, is a type of lipoprotein made by the liver. </p>",133
"<p>Polyvinyl chloride also known as poly(vinyl chloride), commonly abbreviated PVC, is the world's third-most widely produced synthetic plastic polymer, after polyethylene and polypropylene. </p>",134
"<p>What is PVC? Plastics are also called synthetic resins and are broadly classified into two categories: thermosetting resins and thermoplastic resins. </p>",135
"<p>Do you want to sew something for your home or to give as a gift? These beginner sewing projects all include easy step-by-step instructions, photos, diagrams, and free patterns to help you successfully sew your first project (and learn basic sewing skills on the way!) </p>",136
"<p>How to Read a Sewing Pattern. Sewing patterns are often complex and challenging to follow. Combat frustration with proper preparation. Patterns contain four parts, each of which should be studied thoroughly. </p>",137
"<p>'To be, or not to be is the opening phrase of a soliloquy spoken by Prince Hamlet in the so-called ''nunnery scene'' of William Shakespeare's play Hamlet. Act III, Scene I.' </p>",138
"<p>Here, however, Hamlet seems less introspective about his failure to kill Claudius than perhaps his failure to take his own life.</p><p>To be, or not to be: that is the question: </p>",139
"<p>Living in India can offer expats a taste of life in an exotic and diverse place. It is a bright and vibrant country with an eclectic mix of different cultures and people. </p>",140
"<p>As I pen my answer, I am assuming this question is from the perspective of an 'Indian' looking for advantages of living in India over living in the US. Well, the answer is time and context sensitive. </p>",141
"<p>The Sun is a tabloid newspaper published in the United Kingdom and Ireland. Since The Sun on Sunday was launched in February 2012, the paper has been a seven-day operation. </p>",142
"<p>The Sun is the star at the center of the Solar System. It is a nearly perfect sphere of hot plasma, with internal convective motion that generates a magnetic field via a dynamo process. </p>",143
"<p>Neil Percival Young, OC OM (born November 12, 1945), is a Canadian singer-songwriter, musician, producer, director and screenwriter. Young began performing in a group covering Shadows instrumentals in Canada in 1960. </p>",144
"<p>'Neil Young Will No Longer Host Bridge School Benefit Concert Artist cites ''personal reasons'' for bowing out after 30 years of event, which won't be held in 2017' </p>",145
"<p>Kiwi is the nickname used internationally for people from New Zealand, as well as being a relatively common self-reference. The name derives from the kiwi, a flightless bird, which is native to—and the national symbol of—New Zealand. </p>",146
"<p>Kiwis are small fruits that pack a lot of flavor and plenty of health benefits. Their green flesh is sweet and tangy. It’s also full of nutrients like vitamin C, vitamin K, vitamin E, folate, and potassium. </p>",147
"<p>A tornado is a rapidly rotating column of air that is in contact with both the surface of the Earth and a cumulonimbus cloud or, in rare cases, the base of a cumulus cloud. </p>",148
"<p>Tornadoes are nature’s most violent storms. Spawned from powerful thunderstorms, tornadoes can cause fatalities and devastate a neighborhood in seconds. </p>",149
"<p>For the experienced gardener or the novice, raised garden beds take the hassle out of horticulture. Here are tips on planning, building, protecting and irrigating raised bed gardens.</p><p>Experienced gardeners use raised beds to sidestep a long list of gardening challenges. </p>",150
"<p>Raised beds take very little space, and can be built right over a concrete patio. Drainage in a raised bed is superior to that in an in-ground garden bed. </p>",151
"<p>The bobcat (Lynx rufus) is a North American cat that appeared during the Irvingtonian stage of around 1.8 million years ago (AEO). Containing 12 recognized subspecies, it ranges from southern Canada to central Mexico, including most of the contiguous United States. </p>",152
"<p>The most common wildcat in North America, the bobcat is named for its short, bobbed tail. They are medium-sized cats and are slightly smaller but similar in appearance to their cousin, the lynx. </p>",153
"<p>Dieting is the practice of eating food in a regulated and supervised fashion to decrease, maintain, or increase body weight. In other words, it is conscious control or restriction of the diet. </p>",154
"<p>'If you only need to maintain your current weight, shaving 100 calories a day is enough to avoid the extra 1-2 pounds most adults gain each year. Adopt one or more of these simple, painless strategies to help lose weight without going on a ''diet'': Eat Breakfast Every Day.' </p>",155
"<p>The Voyager program is a continuing American scientific program that employs two robotic probes, Voyager 1 and Voyager 2, to study the outer Solar System. </p>",156
"<p>Star Trek: Voyager aired on UPN and was the network's second-longest running series. The series consists of 172 episodes 45 minutes in length; however on its first run the pilot was a single, 1½-hour show that was later split in two for syndication; There are a number of other feature length paired episodes that reduce the number of separate showings, such as on a streaming service. </p>",157
"<p>Whether you're working or playing, your keyboard is an integral part of your desktop setup. Our buying advice and top-rated reviews will help you find a keyboard you'll love. </p>",158
"<p>The Brydge 12.3 keyboard makes the Surface Pro easier to balance on your lap and offers a good typing experience, but its weak build quality leaves much to be desired. </p>",159
"<p>Afghanistan, officially the Islamic Republic of Afghanistan, is a landlocked country located within South Asia and Central Asia. It has a population of 33 million, making it the 42nd most populous country in the world. </p>",160
"<p>Fighting between the Taliban and government forces in Afghanistan continues to have a devastating impact on civilians, particularly children. Thousands of civilians were killed and injured in 2016 in insurgent suicide and improvised explosive device (IED) attacks, while indiscriminate aerial and mortar attacks by government forces added to the civilian toll. </p>",161
"<p>A joint or articulation (or articular surface) is the connection made between bones in the body which link the skeletal system into a functional whole. They are constructed to allow for different degrees and types of movement. </p>",162
"<p>A joint or spliff, is a rolled marijuana cigarette. Unlike commercial tobacco cigarettes, joints are ordinarily hand-rolled by the user with rolling papers, though in some cases they are machine-rolled. </p>",163
"<p>Memory is the faculty of the mind by which information is encoded, stored, and retrieved. Memory is vital to experiences and related to limbic systems, it is the retention of information over time for the purpose of influencing future action. </p>",164
"<p>Memory is the sum total of what we remember, and gives us the capability to learn and adapt from previous experiences as well as to build relationships. It is the ability to remember past experiences, and the power or process of recalling to mind previously learned facts, experiences, impressions, skills and habits. </p>",165
"<p>The lithosphere, which is the rigid outermost shell of a planet (the crust and upper mantle), is broken up into tectonic plates. The Earth's lithosphere is composed of seven or eight major plates (depending on how they are defined) and many minor plates. </p>",166
"<p>The African Plate is a major tectonic plate straddling the equator as well as the prime meridian. It includes much of the continent of Africa, as well as oceanic crust which lies between the continent and various surrounding ocean ridges. </p>",167
"<p>The Milwaukee Journal Sentinel is a daily morning broadsheet printed in Milwaukee, Wisconsin. It is the primary newspaper in Milwaukee, the largest newspaper in Wisconsin and is distributed widely throughout the state. </p>",168
"<p>THE MILWAUKEE JOURNAL SENTINEL SPORTS SHOW “Tradition.” It’s more than a word. Tradition has been a part of the Milwaukee Journal Sentinel Sports Show since 1940. </p>",169
"<p>Bay Area Rapid Transit (BART), is a public metro system serving the San Francisco Bay Area in California. The rapid transit elevated and subway system connects San Francisco with cities in Alameda, Contra Costa, and San Mateo counties.  </p>",170
"<p>The San Francisco BART is fast and convenient although, from a tourist's point of view, it is not as interesting as the cable car or the bus. It is especially useful for getting to the airport. </p>",171
"<p>Music predates recorded history, so it is impossible to say where and when it was first performed. However, there are archaeological records that indicate virtually all prehistoric societies developed musical instruments and had some capacity to play music. </p>",172
"<p>Music is found in every known culture, past and present, varying widely between times and places.</p><p>Consequently, music may have been in existence for at least 55,000 years and the first music may have been invented in Africa and then evolved to become a fundamental constituent of human life. </p>",173
"<p>Forearm pain is any discomfort, soreness or pain in the part of the arm lying between the elbow and wrist. It may occur on its own or be present with arm pain as a whole, elbow pain, wrist pain, hand and finger pain. </p>",174
"<p>Wrist and/or forearm pain, numbness, tingling, and/or weakness can be caused many things. These include but are not limited to: falls, overuse, non-ergonomic work stations, underlying medical conditions such as diabetes, thyroid disease, and arthritis, awkward positions and postures, and certain activities and sports. </p>",175
"<p>'Obsessive–compulsive disorder (OCD) is a mental disorder where people feel the need to check things repeatedly, perform certain routines repeatedly (called ''rituals''), or have certain thoughts repeatedly.' </p>",176
"<p>Obsessive-compulsive disorder (OCD) is an anxiety disorder in which time people have recurring, unwanted thoughts, ideas or sensations (obsessions) that make them feel driven to do something repetitively (compulsions). </p>",177
"<p>1965 MGB to FiA Appendix K Specification with period race modifications. Very similar to the cars that raced in the 1960s. Specially tuned MGBs (including some with aluminium panels) were successful in international road competition events, scoring a Grand Touring category victory in the 1965 Monte Carlo Rally. </p>",178
"<p>Manufactured from 1962 to 1980 by the British Motor Corporation and later British Leyland, the MGB is considered by many to be the ideal English sports car. </p>",179
"<p>ER is an American medical drama television series created by novelist and medical doctor Michael Crichton that aired on NBC from September 19, 1994, to April 2, 2009, with a total of 331 episodes spanning over 15 seasons. </p>",180
"<p>'ER follows the medical personnel and patients in the emergency room of Chicago's fictional County General Hospital. Created by best-selling author Michael Crichton (''Jurassic Park'') and produced by John Wells (''The West Wing''), Christopher Chulack (''Third Watch''), David Zabel (''JAG''), and R. Scott Gemmill (''Jonny Zero''), the Emmy Award-winning series has completed fourteen seasons as one of television's highest-rated dramas.' </p>",181
"<p>The Wall is the eleventh studio album by English rock band Pink Floyd. It was released as a double album on 30 November 1979, by Harvest Records in the United Kingdom and by Columbia Records in the United States. </p>",182
"<p>The Wall is a 2017 American war thriller film directed by Doug Liman and written by Dwain Worrell. The film follows two American soldiers (Aaron Taylor-Johnson and John Cena) trapped by an Iraqi sniper. </p>",183
"<p>A raffle is a gambling competition in which people obtain numbered tickets, each ticket having the chance of winning a prize. At a set time, the winners are drawn from a container holding a copy of every number. </p>",184
"<p>raffle. A raffle is a type of contest in which you buy a ticket for a chance to win a prize. After the tickets are sold, a drawing determines which ticket holds the winning number. </p>",185
"<p>Titan is the largest moon of Saturn. It is the only moon known to have a dense atmosphere, and the only object in space other than Earth where clear evidence of stable bodies of surface liquid has been found. </p>",186
"<p>In Greek mythology, the Titans and Titanesseswere members of the second generation of divine beings, descending from the primordial deities and preceding the Olympian deities. </p>",187
"<p>Need a way to make some extra money? Check out this list of flexible online, remote and at-home jobs to help you earn more money from home. All of these opportunities are legit, and there's sure to be something that suits your personality and skills! </p>",188
"<p>How to Make Money from Home. Are you tired of seeing all those online scams about working from home, but you really need a job that works with your schedule and needs? </p>",189
"<p>Rice is the seed of the grass species Oryza sativa (Asian rice) or Oryza glaberrima (African rice). As a cereal grain, it is the most widely consumed staple food for a large part of the world's human population, especially in Asia. </p>",190
"<p>RICE is a mnemonic for four elements of treatment for soft tissue injuries – an acronym for Rest, Ice, Compression and Elevation. The mnemonic was introduced by Gabe Mirkin in Sportsmedicine Book (ISBN 978-0316574365) in year 1978. </p>",191
"<p>South Africa, officially the Republic of South Africa (RSA), is the southernmost country in Africa. It is bounded on the south by 2,798 kilometres (1,739 mi) of coastline of Southern Africa stretching along the South Atlantic and Indian Oceans; on the north by the neighbouring countries of Namibia, Botswana, and Zimbabwe; and on the east and northeast by Mozambique and Swaziland; and surrounds the kingdom of Lesotho. </p>",192
"<p>South Africa is located at the southern tip of Africa. It is bordered by Namibia, Botswana, Zimbabwe, Mozambique, Swaziland and Lesotho (which is completely surrounded by South Africa). </p>",193
"<p>May SAT and SAT Subject Test scores are available now.</p><p>Get SAT dates and info on fee waivers, IDs, the essay option, policies, and more.</p><p>Step-by-step guide on how to link College Board and Khan Academy accounts for a personalized SAT practice plan. </p>",194
"<p>The new SAT tests skills that you are learning in high school that you are likely to encounter in college and beyond. Here are some of the new content areas and format changes you can expect to see on the new SAT: </p>",195
"<p>In context of spaceflight, a satellite is an artificial object which has been intentionally placed into orbit. Such objects are sometimes called artificial satellites to distinguish them from natural satellites such as Earth's Moon. In 1957 the Soviet Union launched the world's first artificial satellite, Sputnik 1. </p>",196
"<p>A satellite is any object that moves in a curved path around a planet. The moon is Earth's original, natural satellite, and there are many man-made (artificial) satellites, usually closer to Earth. </p>",197
"<p>Rincón is a municipality of Puerto Rico founded in 1771 by Don Luis de Añasco (Founder of Añasco in 1733). It is located in the Western Coastal Valley, west of Añasco and Aguada.  </p>",198
"<p>I admit it; I was one of the doubters. For a long time after I started coming to Puerto Rico, I didn't go near Rincón. I figured I don't surf, so what's the point? </p>",199
"<p>This week’s announcement that the Ritz-Carlton at Lake Las Vegas is going out of business has raised concerns that the hotel’s closure will have a ripple effect on neighboring merchants. </p>",200
"<p>Carefully isolated within the Lake Las Vegas community, roughly 20 miles south-east of the Strip, the Ritz-Carlton is one of the most luxurious resorts in the Vegas metropolitan area, in no small part because it doesn't really feel much like Las Vegas. </p>",201
"<p>Live the farm life and get away from it all at a working farm only minutes from I-85 / I-40 in the North Carolina Piedmont. Chickens, ducks, pigs, cattle, and sheep, as well as pick your own eggs. </p>",202
"<p>A 60-acre working farm provides a quiet, relaxing farm stay. Enjoy the pond, hiking, mountain-bike trails, farmer's markets and historic neighborhoods, all within a 20-minute drive.Guests can purchase farm fresh products to prepare their meals in the fully equipped kitchen. </p>",203
"<p>Sarah Breedlove (December 23, 1867 – May 25, 1919), known as Madam C. J. Walker, was an African American entrepreneur, philanthropist, and a political and social activist. </p>",204
"<p>After changing her name to “Madam” C. J. Walker, she founded her own business and began selling Madam Walker’s Wonderful Hair Grower, a scalp conditioning and healing formula, which she claimed had been revealed to her in a dream. </p>",205
"<p>The Indiana Supreme Court has approved changes to the Child Support Guidelines effective January 1, 2016. Child support calculators based on the amended guidelines are available on January 4, 2016. </p>",206
"<p>The calculator below will estimate your monthly child support payment based on Indiana's child support guidelines. </p>",207
"<p>Oversight of emergency medical services and payments to the County Medical Services Program for indigent health care are handled by Health Services. </p>",208
"<p>Promoting and Protecting the Health and Well-Being of Every Member of the Community. </p>",209
"<p>Universal Nutrition Animal Cuts reviews, ratings and product feedback. Get unbiased opinions on Universal Nutrition Animal Cuts. </p>",210
"<p>Animal Cuts Is A Comprehensive, Everything You Need, Conveniently Dosed Fat Loss In A Single Pack! Complete Fat Shredding Formula Designed Specifically For Competitive Bodybuilders! </p>",211
"<p>Cass County is a county located in the western part of the U.S. state of Missouri. As of the 2010 census, the population was 99,478. Its county seat is Harrisonville. </p>",212
"<p>Summer Reading starts on June 5th at all Cass County Public Library branches! This year's theme is Build A Better World. As in years past, we could not provide award books or special events without the help of sponsors and volunteers throughout the county. </p>",213
"<p>Ralph Owen Brewster (February 22, 1888 – December 25, 1961) was an American politician from Maine. Brewster, a Republican, served as the 54th Governor of Maine from 1925 to 1929, in the U.S. House of Representatives from 1935 to 1941 and in the U.S. Senate from 1941 to 1952. </p>",214
"<p>RALPH O. BREWSTER, the fifty-fourth governor of Maine, was born in Dexter, Maine on February 22, 1888. His education was attained at Bowdoin College, where he graduated in 1909, and at Harvard University, where he earned his law degree in 1913. </p>",215
"<p>Thousands of people come to Mayo Clinic's campus in Jacksonville, Florida, annually for diagnosis or treatment of a medical condition. In Florida, Mayo Clinic primarily treats adults, although some specialists see teenagers and children. </p>",216
"<p>With a diverse, growing population of more than 825,000 residents, Jacksonville, Florida, is the most populous city in the state, but its mild climate and rich natural resources promote an outdoor lifestyle and the friendly charm of a small town. </p>",217
"<p>Brazil - Topography. The northern part of Brazil is dominated by the basin of the Amazon River and its many tributaries, which occupies two-fifths of the country. The Amazon Basin itself occupies 7,049,975 sq km (2,722,000 sq mi), or about 40% of South America's total area. </p>",218
"<p>Two of these basins — the Amazon and Tocantins-Araguaia account for more than half the total drainage area. The largest river system in Brazil is the Amazon, which originates in the Andes and receives tributaries from a basin that covers 45.7% of the country, principally the north and west. </p>",219
"<p>Description– Malignant lymphoma or lymphosarcoma is one of the most common neoplasms (tumor) in dogs. They usually originate in lymphoid tissues, like the lymph nodes, spleen, and bone marrow. However, they can arise in any tissues in the body. </p>",220
"<p>Canine lymphoma is a disease term comprising a heterogeneous group of malignancies with varying biologic aggressiveness derived from the uncontrolled and pathologic clonal expansion of lymphoid cells of either B- or T-cell immunophenotype. </p>",221
"<p>In the United States, typical natural gas water heaters for households without unusual needs are 40 or 50 US gallons with a burner rated at 34,000 to 40,000 BTU/hour. </p>",222
"<p>The Westinghouse Gas Water Heater is highly efficient with stainless steel construction to save you money and last longer. </p>",223
"<p>HP offers a premium version of its plastic Mini 1000 while keeping the price down, making the Mini 2140 the Netbook to beat. </p>",224
"<p>The Gadget: The HP Mini 2140 is the update to the education and business oriented Mini 2133 netbook. HP says they bumped the 2140's specs to cater more to the road warriors. </p>",225
"<p>Archaeologists often find adobe when they excavate. These photographs shows chunks of adobe from two ancient Pueblo houses. You can still see the impressions of the small branches and twigs that were part of the structure. </p>",226
"<p>roughly hewn wooden beams are often a feature of pueblo structures, either forming the frame for adobe or as non-permanent buildings in their own right. </p>",227
"<p>Pacific Northwest National Laboratory (PNNL) is one of the United States Department of Energy national laboratories, managed by the Department of Energy's (DOE) Office of Science. </p>",228
"<p>Integrated assessment projects underway at Battelle Pacific Northwest Laboratories (PNL) stress collaboration between interdisciplinary teams within PNL, and networks of researchers from other institutes who broaden the range of disciplinary and regional expertise represented in the project. </p>",229
"<p>Our mission is to provide the services and information to help taxpayers file accurate and timely tax returns and pay the proper amount owed. To accomplish this mission, we develop knowledgeable and engaged employees, administer and enforce the law with fairness and integrity, and responsibly manage the resources allocated to us. </p>",230
"<p>The California Franchise Tax Board (FTB) collects state personal income tax and corporate income tax of California. It is part of the California Government Operations Agency. </p>",231
"<p>The major health problem caused by asbestos exposure, aside from cancer, is a lung disease called asbestosis. When a person breathes high levels of asbestos over time, some of the fibers lodge deep in the lungs. Irritation caused by the fibers can eventually lead to scarring (fibrosis) in the lungs. </p>",232
"<p>Asbestos exposure at a job site is a major health problem. Your chance of getting an asbestos-related disease depends on certain conditions called risk factors. </p>",233
"<p>On Poem in Your Pocket Day, celebrated during April each year, we encourage you to select a poem, carry it with you, and share it with others throughout the day at schools, bookstores, libraries, parks, and workplaces. </p>",234
"<p>Share a poem with everyone you meet on Poem in Your Pocket Day. As part of New York City's celebration of National Poetry Month, residents have participated in Poem in Your Pocket Day since 2002. </p>",235
"<p>Job Searching. It's important to be prepared to respond effectively to the interview questions that employers typically ask at job interviews. Since these questions are so common, hiring managers will expect you to be able to answer them smoothly and without hesitation. </p>",236
"<p>Think of a job interview as an audition for the job. Accept the invitation to interview as an opportunity to demonstrate why you are the candidate they should hire. Increase your confidence and your probability of success by being well-prepared for every job interview. [See Pre-Interview Preparation for tips.] </p>",237
"<p>I have no desire to pay for cable, and I love free over-the-air TV. I was planning to use Aereo to stream my favorite shows to my computer and tablet, but the Supreme Court just shot them down. </p>",238
"<p>Both! And more! Sling TV allows you to watch your favorite shows on your computer, TV, phone, and tablet. Check out a list of our compatible devices here. </p>",239
"<p>Physical medicine and rehabilitation (PM&R), also known as physiatry or rehabilitation medicine, aims to enhance and restore functional ability and quality of life to those with physical impairments or disabilities affecting the brain, spinal cord, nerves, bones, joints, ligaments, muscles, and tendons. </p>",240
"<p>Physical medicine and rehabilitation (PM&R), also known as physiatry /fᵻˈzaɪ.ətri/ or rehabilitation medicine, or physical and rehabilitation medicine (PRM) outside of the United States, is a branch of medicine that aims to enhance and restore functional ability and quality of life to those with physical impairments or disabilities. </p>",241
"<p>Culpeper National Cemetery is a United States National Cemetery located in the town of Culpeper, in Culpeper County, Virginia. Administered by the United States Department of Veterans Affairs, it encompasses 29.6 acres (120,000 m2) of land, and as 2014, had over 11,000 interments. </p>",242
"<p>The Culpeper National Cemetery was established April 13, 1867 and was dedicated as the final resting place for the heroes of the United States who fell in battle or died of disease during the Civil War in the surrounding area. </p>",243
"<p>Von Willebrand disease is a lifelong bleeding disorder in which your blood doesn't clot well. Most people with the disease are born with it, though its warning signs may not show up for years. </p>",244
"<p>Von Willebrand disease (VWD) is a genetic disorder caused by missing or defective von Willebrand factor (VWF), a clotting protein. VWF binds factor VIII, a key clotting protein, and platelets in blood vessel walls, which help form a platelet plug during the clotting process. </p>",245
"<p>The Bowflex Power Pro XTL is a home gym that relies on a patented system of pulleys and power rods to provide varying levels of resistance. </p>",246
"<p>The Bowflex Power Pro XTL is a home gym with over 60 exercise routines that allow you to exercise all the major muscle groups in your body. </p>",247
"<p>'But the butter-versus-margarine debate is a slippery subject. Some margarines have unhealthy trans fats, while others have confusing health claims. Meanwhile, some say butter is an ''all-natural'' choice.' </p>",248
"<p>Your goal is to limit intake of saturated fats and to avoid trans fats altogether. Healthier alternatives to butter or margarine include olive oil and other vegetable oil–based spreads, which contain beneficial mono- and polyunsaturated fats. </p>",249
"<p>The United States Capitol, often called the Capitol Building, is the home of the United States Congress, and the seat of the legislative branch of the U.S. federal government. It sits atop Capitol Hill at the eastern end of the National Mall in Washington, D.C. </p>",250
"<p>Welcome to the U.S. Capitol</p><p>The Capitol Visitor Center is open from 8:30 a.m. to 4:30 pm., Monday through Saturday, and tours of the Capitol are offered from 8:50 a.m. to 3:20 p.m. </p>",251
"<p>Begin your Hudson River Valley getaway here, in Dutchess County! Sure, it's easy to get here - by car, train, bus and air. Covering 800 square miles, there's an abundance of natural scenic beauty, outdoor recreation, historic landmarks, restaurants, festivals and more. </p>",252
"<p>Chosen as Dutchess Tourism’s new marketing communications agency in 2010, BBG&G rebranded the county as a vital and vibrant destination, repositioning Dutchess as a place that offers the top reasons for visitation – scenic beauty, relaxation, dining and culture – with unique flair and flavor. </p>",253
"<p>Cervical cancer is a cancer arising from the cervix. It is due to the abnormal growth of cells that have the ability to invade or spread to other parts of the body. </p>",254
"<p>Cervical cancer can often be found early, and sometimes even prevented entirely, by having regular Pap tests. If detected early, cervical cancer is one of the most successfully treatable cancers. </p>",255
"<p>The Supplemental Nutrition Assistance Program (SNAP), formerly known as the Food Stamp Program, provides food-purchasing assistance for low- and no-income people living in the U.S. It is a federal aid program, administered by the U.S. Department of Agriculture, under the Food and Nutrition Service (FNS), though benefits are distributed by each U.S. state's Division of Social Services or Children and Family Services. </p>",256
"<p>The Food Assistance Program helps people with low-income buy healthy food. A food assistance household is normally a group of people who live together and buy food and cook meals together. </p>",257
"<p>Uranus is the seventh planet from the Sun. It has the third-largest planetary radius and fourth-largest planetary mass in the Solar System. Uranus is similar in composition to Neptune, and both have different bulk chemical composition from that of the larger gas giants Jupiter and Saturn. </p>",258
"<p>Uranus cannot be seen from the Earth without a telescope. Starts. The seventh planet from the Sun, it was not known in ancient times, unlike the planets from Mercury to Saturn. </p>",259
"<p>Southwest Airlines is an Equal Employment Opportunity/Affirmative Action Employer and provides reasonable accommodation in its application process for qualified individuals with disabilities and disabled veterans. </p>",260
"<p>Workplace diversity is an important part of today's business community. Employers are required by law to maintain a diverse workplace by not discriminating against applicants or existing employees on the basis of race, religion, age, gender or for any characteristic or class protected by the law. </p>",261
"<p>Mother's Day is a celebration honouring the mother of the family, as well as motherhood, maternal bonds, and the influence of mothers in society. It is celebrated on various days in many parts of the world, most commonly in the months of March or May. </p>",262
"<p>Mother's Day in the United States is annually held on the second Sunday of May. It celebrates motherhood and it is a time to appreciate mothers and mother figures. </p>",263
"<p>'The quotation ''All men are created equal'' has been called an ''immortal declaration,'' and ''perhaps [the] single phrase'' of the American Revolutionary period with the greatest ''continuing importance.' </p>",264
"<p>'The concept that all men are created equal was a key to European Enlightenment philosophy. But the interpretation of ''all men'' has hovered over the Declaration of Independence since its creation.' </p>",265
"<p>An electronic update of an old mechanical classic, Creative Engineering created this projected-image target shooting game on a tight schedule, starting in February to ship in time for holiday season. </p>",266
"<p>This is the live action skeet game that challenges shooters to hit three flying targets using a harmless infrared gun. Only available from Hammacher Schlemmer, targets are ejected from the “trap” at pre-determined intervals—one every two to one every ten seconds—reaching a height of 3' that allows for indoor use on a table top. </p>",267
"<p>Nile River, Arabic Baḥr Al-Nīl or Nahr Al-Nīl, river, the father of African rivers and the longest river in the world. It rises south of the Equator and flows northward through northeastern Africa to drain into the Mediterranean Sea. </p>",268
"<p>The Nile River may be the longest river on this planet. On this page connected with Interesting Africa facts we list many details of this amazing Africa. </p>",269
"<p>American Public University System (APUS) is a for-profit, online learning institution that is composed of American Military University (AMU) and American Public University (APU). </p>",270
"<p>American Military University describes its mission as “educating those who serve.” AMU features more than 100 online certificate and degree programs that are designed for professionals in national security and public service. </p>",271
"<p>﻿﻿﻿Every year the Everett Rock & Gem Club sponsors a Gem, Jewelry and Mineral Show. In 2017, our show was on May 6th & 7th (Sat & Sun). If you missed the show this year, please join us next year. </p>",272
"<p>We list all the gem and mineral shows across America and we update the show calendar every three months with the most complete list of rock gem & mineral shows online! </p>",273
"<p>Metal finishing solutions for antiquing brass, bronze, and copper. Blackeners for iron, steel, aluminum, and silver. Instant cleaners for brass, copper, and silver. </p>",274
"<p>JAX Chemical Company—located in Mt. Vernon, NY—is in the niche business of selling metal finishing and polishing solutions. In business for over 40 years, their old website was designed to fit on old desktop monitors that were much smaller than normal today. </p>",275
"<p>The Rocky Mountain News (nicknamed the Rocky) was a daily newspaper published in Denver, Colorado, United States from April 23, 1859, until February 27, 2009. </p>",276
"<p>The Rocky Mountain News, a newspaper that was a Denver institution for just short of 150 years, was Colorado's oldest newspaper and possibly the longest running business in the state. </p>",277
"<p>East Ridge High School providing students voice and choice in selecting extended and re-learning opportunities. Students begin utilizing Flextime Scheduler on August 31st. </p>",278
"<p>East Ridge High School is one of two public high schools located in Woodbury, Minnesota, United States, the other being Woodbury High School. It is operated by South Washington County Schools (ISD 833). </p>",279
"<p>Motor vehicle registration is the registration of a motor vehicle with a government authority, either compulsory or otherwise. The purpose of motor vehicle registration is to establish a link between a vehicle and an owner or user of the vehicle. </p>",280
"<p>DMVs are responsible for providing an identification number for vehicles, either with a permanent vehicle registration plate or temporary tag. </p>",281
"<p>The state of Illinois has a flat income tax, which means that everyone, regardless of income, is taxed at the same rate. That makes it relatively easy to predict the income tax you will have to pay. As of the 2015 tax year, the income tax rate in Illinois was reduced from 5% to 3.75%. </p>",282
"<p>Prepare and efile Your Illinois State Tax Return</p><p>Illinois Income Tax Filing Deadlines. The regular deadline to file an Illinois state income tax return is April 15. </p>",283
"<p>Find a Health Club in Arkadelphia, AR. Health Club reviews, phone number, address and map. Find the best Health Club in Arkadelphia, AR. </p>",284
"<p>Seeking the best medical care in Arkadelphia? Look no further than the highly-rated Arkadelphia Health Club. Customize your own personal massage and leave your stress behind. </p>",285
"<p>The trombone is a musical instrument in the brass family. Like all brass instruments, sound is produced when the player's vibrating lips (embouchure) cause the air column inside the instrument to vibrate. </p>",286
"<p>There are many different types of trombone. The most frequently encountered trombones today are the tenor and bass, though as with other Renaissance instruments such as the recorder, the trombone has been built in every size from piccolo to contrabass (pitch of brass instruments). </p>",287
"<p>When you need a fast-growing vine that flowers, knowing you'll plant in shade fills in part of the puzzle. Filling out the rest of the puzzle requires understanding the soil conditions in your garden location as well as the the type of bloom and shade tolerance of the plant. </p>",288
"<p>The following climbing vines for shade will do well in spots that don’t get a lot of sun. They do a great job covering fences or hiding unattractive views. Boston ivy, Virginia creeping and climbing hydrangea are self-clinging, but the other vines need a structural support to grow over. </p>",289
"<p>North Regional Library is a public library in Minneapolis, Minnesota, United States. It is part of the Hennepin County Library system. Since opening in 1971, North Regional Library at 1315 Lowry Ave. N. in Minneapolis serves a diverse metropolitan community, Near North, Minneapolis. </p>",290
"<p>The Algiers Regional Library serves the greater Algiers Community with all traditional library services as well as computer access, story times, printing and fax services and a variety of informational, educational and recreational programs for all ages. </p>",291
"<p>Tangible personal property is everything other than real estate that is used in a business or rental property. Examples of tangible personal property are computers, furniture, tools, machinery, signs, equipment, leasehold improvements, supplies, and leased equipment. </p>",292
"<p>Failure to receive a tangible personal property tax return form does not relieve you of your obligation to file. If you receive a form and feel that it is not applicable, you must return it with an explanation. </p>",293
"<p>A U.S. Securities and Exchange Commission and U.S. Attorney probe of trading in the shares of ImClone Systems resulted in a widely publicized criminal case, which resulted in prison terms for media celebrity Martha Stewart, ImClone chief executive officer Samuel D. Waksal and Stewart's broker at Merrill Lynch, Peter Bacanovic. </p>",294
"<p>The case against Martha Stewart surrounded her sale of 3,928 shares in ImClone Systems Inc., and whether she lied to investigators and her company's investors about it. </p>",295
"<p>What is the caldera shown on the park map? The Yellowstone Caldera was created by a massive volcanic eruption approximately 640,000 years ago. </p>",296
"<p>The Yellowstone Caldera is a volcanic caldera and supervolcano located in Yellowstone National Park in the United States, sometimes referred to as the Yellowstone Supervolcano. </p>",297
"<p>A highway patrol is either a police unit created primarily for the purpose of overseeing and enforcing traffic safety compliance on roads and highways, or a detail within an existing local or regional police agency that is primarily concerned with such duties. </p>",298
"<p>The California Highway Patrol (CHP) is a law enforcement agency of California. The CHP has patrol jurisdiction over all California highways and can act as the state police. </p>",299
